{
  "phase_summaries": {
    "t1_xl": {
      "stageadaptive_late_half": {
        "count": 2,
        "best_val": {
          "mean": 0.041666666666666664,
          "std": 0.0
        },
        "last_val": {
          "mean": 0.020833333333333332,
          "std": 0.02946278254943948
        },
        "dense_mean": {
          "mean": 0.04861111111111111,
          "std": 0.019641855032959652
        },
        "last_dense_mean": {
          "mean": 0.04861111111111111,
          "std": 0.019641855032959652
        },
        "score": {
          "mean": 0.06944444444444445,
          "std": 0.009820927516479831
        },
        "k8": {
          "mean": 0.05729166666666667,
          "std": 0.007365695637359868
        },
        "k12": {
          "mean": 0.020833333333333332,
          "std": 0.02946278254943948
        },
        "k14": {
          "mean": 0.06770833333333333,
          "std": 0.022097086912079605
        }
      },
      "stageadaptive_late_half_agree_mutate_z00_m075_f0125": {
        "count": 2,
        "best_val": {
          "mean": 0.041666666666666664,
          "std": 0.0
        },
        "last_val": {
          "mean": 0.020833333333333332,
          "std": 0.02946278254943948
        },
        "dense_mean": {
          "mean": 0.05054824561403509,
          "std": 0.016902333146783702
        },
        "last_dense_mean": {
          "mean": 0.05054824561403509,
          "std": 0.016902333146783702
        },
        "score": {
          "mean": 0.07138157894736842,
          "std": 0.012560449402655778
        },
        "k8": {
          "mean": 0.06803728070175438,
          "std": 0.00690049380763188
        },
        "k12": {
          "mean": 0.020833333333333332,
          "std": 0.02946278254943948
        },
        "k14": {
          "mean": 0.06277412280701755,
          "std": 0.014343723083279752
        }
      }
    },
    "t1r_xl": {
      "stageadaptive_late_half": {
        "count": 2,
        "best_val": {
          "mean": 0.041666666666666664,
          "std": 0.0
        },
        "last_val": {
          "mean": 0.020833333333333332,
          "std": 0.02946278254943948
        },
        "dense_mean": {
          "mean": 0.04861111111111111,
          "std": 0.019641855032959652
        },
        "last_dense_mean": {
          "mean": 0.04861111111111111,
          "std": 0.019641855032959652
        },
        "score": {
          "mean": 0.06944444444444445,
          "std": 0.009820927516479831
        },
        "k8": {
          "mean": 0.05729166666666667,
          "std": 0.007365695637359868
        },
        "k12": {
          "mean": 0.020833333333333332,
          "std": 0.02946278254943948
        },
        "k14": {
          "mean": 0.06770833333333333,
          "std": 0.022097086912079605
        }
      },
      "stageadaptive_late_half_agree_mutate_z00_m075_f0125": {
        "count": 2,
        "best_val": {
          "mean": 0.041666666666666664,
          "std": 0.0
        },
        "last_val": {
          "mean": 0.020833333333333332,
          "std": 0.02946278254943948
        },
        "dense_mean": {
          "mean": 0.05054824561403509,
          "std": 0.016902333146783702
        },
        "last_dense_mean": {
          "mean": 0.05054824561403509,
          "std": 0.016902333146783702
        },
        "score": {
          "mean": 0.07138157894736842,
          "std": 0.012560449402655778
        },
        "k8": {
          "mean": 0.06803728070175438,
          "std": 0.00690049380763188
        },
        "k12": {
          "mean": 0.020833333333333332,
          "std": 0.02946278254943948
        },
        "k14": {
          "mean": 0.06277412280701755,
          "std": 0.014343723083279752
        }
      }
    },
    "t2b_xl": {
      "stageadaptive_late_half": {
        "count": 2,
        "best_val": {
          "mean": 0.0625,
          "std": 0.02946278254943948
        },
        "last_val": {
          "mean": 0.0,
          "std": 0.0
        },
        "dense_mean": {
          "mean": 0.03125,
          "std": 0.009820927516479828
        },
        "last_dense_mean": {
          "mean": 0.03125,
          "std": 0.009820927516479828
        },
        "score": {
          "mean": 0.03125,
          "std": 0.009820927516479828
        },
        "k8": {
          "mean": 0.020833333333333332,
          "std": 0.01473139127471974
        },
        "k12": {
          "mean": 0.026041666666666664,
          "std": 0.007365695637359871
        },
        "k14": {
          "mean": 0.046875,
          "std": 0.02209708691207961
        }
      },
      "stageadaptive_late_half_agree_mutate_z00_m075_f0125": {
        "count": 2,
        "best_val": {
          "mean": 0.0625,
          "std": 0.02946278254943948
        },
        "last_val": {
          "mean": 0.0,
          "std": 0.0
        },
        "dense_mean": {
          "mean": 0.029513888888888888,
          "std": 0.007365695637359871
        },
        "last_dense_mean": {
          "mean": 0.029513888888888888,
          "std": 0.007365695637359871
        },
        "score": {
          "mean": 0.029513888888888888,
          "std": 0.007365695637359871
        },
        "k8": {
          "mean": 0.020833333333333332,
          "std": 0.01473139127471974
        },
        "k12": {
          "mean": 0.026041666666666664,
          "std": 0.007365695637359871
        },
        "k14": {
          "mean": 0.04166666666666667,
          "std": 0.014731391274719742
        }
      }
    },
    "t2c_xl": {
      "stageadaptive_late_half": {
        "count": 2,
        "best_val": {
          "mean": 0.08333333333333333,
          "std": 0.0
        },
        "last_val": {
          "mean": 0.0,
          "std": 0.0
        },
        "dense_mean": {
          "mean": 0.03125,
          "std": 0.0
        },
        "last_dense_mean": {
          "mean": 0.03125,
          "std": 0.0
        },
        "score": {
          "mean": 0.03125,
          "std": 0.0
        },
        "k10": {
          "mean": 0.026041666666666664,
          "std": 0.007365695637359871
        },
        "k14": {
          "mean": 0.041666666666666664,
          "std": 0.0
        },
        "k16": {
          "mean": 0.026041666666666664,
          "std": 0.007365695637359871
        }
      },
      "stageadaptive_late_half_agree_mutate_z00_m075_f0125": {
        "count": 2,
        "best_val": {
          "mean": 0.08333333333333333,
          "std": 0.0
        },
        "last_val": {
          "mean": 0.0,
          "std": 0.0
        },
        "dense_mean": {
          "mean": 0.03298611111111111,
          "std": 0.002455231879119958
        },
        "last_dense_mean": {
          "mean": 0.03298611111111111,
          "std": 0.002455231879119958
        },
        "score": {
          "mean": 0.03298611111111111,
          "std": 0.002455231879119958
        },
        "k10": {
          "mean": 0.026041666666666664,
          "std": 0.007365695637359871
        },
        "k14": {
          "mean": 0.041666666666666664,
          "std": 0.0
        },
        "k16": {
          "mean": 0.03125,
          "std": 0.0
        }
      }
    }
  },
  "records": [
    {
      "phase": "t1_xl",
      "selector": "stageadaptive_late_half",
      "selector_label": "StageLate-0.5",
      "seed": 174234,
      "run": "20260320-191134-v54-t1-stageadaptive_late_half-32-xl-s174234",
      "best_val": 0.041666666666666664,
      "last_val": 0.0,
      "last5_val_mean": 0.016666666666666666,
      "best_to_last_drop": 0.041666666666666664,
      "k4": 0.041666666666666664,
      "last_k4": 0.041666666666666664,
      "k8": 0.0625,
      "last_k8": 0.0625,
      "k12": 0.041666666666666664,
      "last_k12": 0.041666666666666664,
      "k14": 0.08333333333333333,
      "last_k14": 0.08333333333333333,
      "dense_mean": 0.0625,
      "last_dense_mean": 0.0625,