{
  "main_step250": {
    "best_checkpoint": "runs/20260316-214643-main/best.pt",
    "step": 250,
    "train/average_delay": 0.3124667729930888,
    "train/average_hops": 3.405,
    "train/cache_max_occupancy": 2.06,
    "train/cache_mean_occupancy": 0.1598046875,
    "train/loss": 16.977948951721192,
    "train/max_memory_gb": 0.3343014717102051,
    "train/packets_per_second": 1786.3306686621868,
    "train/packets_processed": 7524.0,
    "train/query_accuracy": 0.049019607843137254,
    "train/query_delivery_rate": 0.255,
    "train/query_first_hop_home_rate": 0.18125,
    "train/query_home_to_output_rate": 0.06372549019607843,
    "train/writer_first_hop_home_rate": 0.19145833333333334,
    "val/average_delay": 0.00068359375,
    "val/average_hops": 2.0,
    "val/cache_max_occupancy": 2.205,
    "val/cache_mean_occupancy": 0.16875,
    "val/loss": 26.270868396759035,
    "val/packets_processed": 10240.0,
    "val/query_accuracy": 0.14464425332290853,
    "val/query_delivery_rate": 0.99921875,
    "val/query_first_hop_home_rate": 1.0,
    "val/query_home_to_output_rate": 0.97421875,
    "val/writer_first_hop_home_rate": 1.0
  },
  "no_cache_step250": {
    "best_checkpoint": "runs/20260316-214843-no-cache/best.pt",
    "step": 250,
    "train/average_delay": 0.2788359788359788,
    "train/average_hops": 3.45,
    "train/cache_max_occupancy": 0.0,
    "train/cache_mean_occupancy": 0.0,
    "train/loss": 16.280178356170655,
    "train/max_memory_gb": 0.30901002883911133,
    "train/packets_per_second": 2321.8096916409863,
    "train/packets_processed": 7560.0,
    "train/query_accuracy": 0.029556650246305417,
    "train/query_delivery_rate": 0.25375,
    "train/query_first_hop_home_rate": 0.18,
    "train/query_home_to_output_rate": 0.09547738693467336,
    "train/writer_first_hop_home_rate": 0.18166666666666667,
    "val/average_delay": 0.00068359375,
    "val/average_hops": 2.0,
    "val/cache_max_occupancy": 0.0,
    "val/cache_mean_occupancy": 0.0,
    "val/loss": 25.66303679943085,
    "val/packets_processed": 10240.0,
    "val/query_accuracy": 0.03049257232212666,
    "val/query_delivery_rate": 0.99921875,
    "val/query_first_hop_home_rate": 1.0,
    "val/query_home_to_output_rate": 0.97421875,
    "val/writer_first_hop_home_rate": 1.0
  },
  "k10": {
    "average_delay": 0.0,
    "average_hops": 2.0,
    "cache_max_occupancy": 2.97,
    "cache_mean_occupancy": 0.28125,
    "checkpoint_step": 250,
    "loss": 33.166771697998044,
    "packets_processed": 7680.0,
    "query_accuracy": 0.15,
    "query_delivery_rate": 1.0,
    "query_first_hop_home_rate": 1.0,
    "query_home_to_output_rate": 0.9640625,
    "writer_first_hop_home_rate": 1.0,
    "writers_per_episode": 10
  },
  "bench_1gpu": {
    "step": 100.0,
    "train/loss": 16.197328281402587,
    "train/query_accuracy": 0.0422535211267605,
    "train/query_delivery_rate": 0.221875,
    "train/writer_first_hop_home_rate": 0.1807291666666666,
    "train/query_first_hop_home_rate": 0.16875,
    "train/query_home_to_output_rate": 0.0634920634920634,
    "train/average_hops": 3.2625,
    "train/average_delay": 0.478744939271255,
    "train/cache_mean_occupancy": 0.157666015625,
    "train/cache_max_occupancy": 1.95,
    "train/packets_processed": 2964.0,
    "train/packets_per_second": 1069.2321978901573,
    "train/max_memory_gb": 0.2829599380493164
  },
  "bench_2gpu": {
    "step": 100.0,
    "train/loss": 16.707036352157594,
    "train/query_accuracy": 0.0354609929078014,
    "train/query_delivery_rate": 0.2203125,
    "train/writer_first_hop_home_rate": 0.175,
    "train/query_first_hop_home_rate": 0.2140625,
    "train/query_home_to_output_rate": 0.0691823899371069,
    "train/average_hops": 3.246875,
    "train/average_delay": 0.4920581277458601,
    "train/cache_mean_occupancy": 0.1557275390625,
    "train/cache_max_occupancy": 1.9025,
    "train/packets_processed": 5918.0,
    "train/packets_per_second": 1749.2701858119258,
    "train/max_memory_gb": 0.3338055610656738
  }
}