{
  "core": {
    "v10_querygrad": {
      "seeds": 4,
      "best_val_mean": 0.6927083333333334,
      "best_val_std": 0.05776321097088238,
      "last_val_mean": 0.5677083333333334,
      "last_val_std": 0.04000596743681566,
      "k2_mean": 0.61328125,
      "k2_std": 0.05313074417474783,
      "k6_mean": 0.51953125,
      "k6_std": 0.054547812670972425,
      "k10_mean": 0.486328125,
      "k10_std": 0.034664529979099315
    },
    "v10_querygrad_mutate": {
      "seeds": 4,
      "best_val_mean": 0.6875,
      "best_val_std": 0.07365695637359868,
      "last_val_mean": 0.5989583333333333,
      "last_val_std": 0.051822262349303094,
      "k2_mean": 0.646484375,
      "k2_std": 0.045344479555640235,
      "k6_mean": 0.51953125,
      "k6_std": 0.030508787796510367,
      "k10_mean": 0.517578125,
      "k10_std": 0.022354537387225776
    },
    "v11_conditional_mutation": {
      "seeds": 4,
      "best_val_mean": 0.6666666666666667,
      "best_val_std": 0.044194173824159244,
      "last_val_mean": 0.5625,
      "last_val_std": 0.10622957319984969,
      "k2_mean": 0.619140625,
      "k2_std": 0.09033071156130608,
      "k6_mean": 0.533203125,
      "k6_std": 0.05013866270700561,
      "k10_mean": 0.494140625,
      "k10_std": 0.01779381558426621
    }
  },
  "transfer_h1": {
    "v10_querygrad": {
      "seeds": 2,
      "best_val_mean": 0.65625,
      "best_val_std": 0.07291666666666663,
      "last_val_mean": 0.5833333333333333,
      "last_val_std": 0.14583333333333331,
      "k4_mean": 0.53515625,
      "k4_std": 0.12890625,
      "k8_mean": 0.4453125,
      "k8_std": 0.1015625,
      "k12_mean": 0.42578125,
      "k12_std": 0.03515625,
      "k14_mean": 0.4140625,
      "k14_std": 0.09375
    },
    "v10_querygrad_mutate": {
      "seeds": 2,
      "best_val_mean": 0.5520833333333333,
      "best_val_std": 0.010416666666666685,
      "last_val_mean": 0.4375,
      "last_val_std": 0.0625,
      "k4_mean": 0.42578125,
      "k4_std": 0.02734375,
      "k8_mean": 0.39453125,
      "k8_std": 0.05859375,
      "k12_mean": 0.38671875,
      "k12_std": 0.00390625,
      "k14_mean": 0.40234375,
      "k14_std": 0.01953125
    },
    "v11_conditional_mutation": {
      "seeds": 2,
      "best_val_mean": 0.5833333333333334,
      "best_val_std": 0.10416666666666666,
      "last_val_mean": 0.5833333333333334,
      "last_val_std": 0.10416666666666666,
      "k4_mean": 0.54296875,
      "k4_std": 0.10546875,
      "k8_mean": 0.42578125,
      "k8_std": 0.06640625,
      "k12_mean": 0.41796875,
      "k12_std": 0.00390625,
      "k14_mean": 0.40625,
      "k14_std": 0.0625
    }
  }
}
