{
  "legacy_t1_m": {
    "stageadaptive_late_half": {
      "best_to_last_drop": {
        "mean": 0.027777777777777776,
        "std": 0.024056261216234404
      },
      "best_val": {
        "mean": 0.041666666666666664,
        "std": 0.0
      },
      "count": 3,
      "dense_mean": {
        "mean": 0.03819444444444445,
        "std": 0.015035163260146506
      },
      "k12": {
        "mean": 0.046875,
        "std": 0.015625
      },
      "k14": {
        "mean": 0.03125,
        "std": 0.03125
      },
      "k8": {
        "mean": 0.036458333333333336,
        "std": 0.03252603124165832
      },
      "last5_val_mean": {
        "mean": 0.011111111111111112,
        "std": 0.004811252243246881
      },
      "last_dense_mean": {
        "mean": 0.0,
        "std": 0.0
      },
      "last_val": {
        "mean": 0.013888888888888888,
        "std": 0.024056261216234404
      },
      "screen_composite": {
        "mean": 0.024270833333333335,
        "std": 0.0014386695121805333
      }
    },
    "visit_taskgrad_half": {
      "best_to_last_drop": {
        "mean": 0.06944444444444445,
        "std": 0.06364688465216445
      },
      "best_val": {
        "mean": 0.08333333333333333,
        "std": 0.04166666666666667
      },
      "count": 3,
      "delivery_rate": {
        "mean": 0.0,
        "std": 0.0
      },
      "dense_mean": {
        "mean": 0.02091600529100529,
        "std": 0.010540917753186819
      },
      "home_to_out_rate": {
        "mean": 0.0,
        "std": 0.0
      },
      "k12": {
        "mean": 0.026041666666666668,
        "std": 0.03252603124165832
      },
      "k14": {
        "mean": 0.015625,
        "std": 0.015625
      },
      "k8": {
        "mean": 0.021081349206349204,
        "std": 0.02427390026412117
      },
      "last5_val_mean": {
        "mean": 0.019444444444444445,
        "std": 0.019245008972987525
      },
      "last_dense_mean": {
        "mean": 0.0,
        "std": 0.0
      },
      "last_val": {
        "mean": 0.013888888888888888,
        "std": 0.024056261216234404
      },
      "lr_multiplier": {
        "mean": 1.0,
        "std": 0.0
      },
      "query_first_hop_home_rate": {
        "mean": 0.3611111111111111,
        "std": 0.1272937693043289
      },
      "screen_composite": {
        "mean": 0.01816220238095238,
        "std": 0.010344180727274107
      }
    },
    "visitonly": {
      "best_to_last_drop": {
        "mean": 0.09722222222222222,
        "std": 0.08673608331108885
      },
      "best_val": {
        "mean": 0.1111111111111111,
        "std": 0.06364688465216445
      },
      "count": 3,
      "delivery_rate": {
        "mean": 0.0,
        "std": 0.0
      },
      "dense_mean": {
        "mean": 0.017361111111111112,
        "std": 0.006014065304058601
      },
      "home_to_out_rate": {
        "mean": 0.0,
        "std": 0.0
      },
      "k12": {
        "mean": 0.026041666666666668,
        "std": 0.03252603124165832
      },
      "k14": {
        "mean": 0.015625,
        "std": 0.015625
      },
      "k8": {
        "mean": 0.010416666666666666,
        "std": 0.009021097956087902
      },
      "last5_val_mean": {
        "mean": 0.027777777777777776,
        "std": 0.017347216662217772
      },
      "last_dense_mean": {
        "mean": 0.0,
        "std": 0.0
      },
      "last_val": {
        "mean": 0.013888888888888888,
        "std": 0.024056261216234404
      },
      "lr_multiplier": {
        "mean": 1.0,
        "std": 0.0
      },
      "query_first_hop_home_rate": {
        "mean": 0.375,
        "std": 0.11023963796102461
      },
      "screen_composite": {
        "mean": 0.018229166666666664,
        "std": 0.007149658839957174
      }
    }
  },
  "matched_phase_summaries": {
    "core_m": {
      "stageadaptive_late_half": {
        "best_to_last_drop": {
          "mean": 0.09375,
          "std": 0.020833333333333336
        },
        "best_val": {
          "mean": 0.14583333333333331,
          "std": 0.041666666666666664
        },
        "count": 4,
        "dense_mean": {
          "mean": 0.037109375,
          "std": 0.022439697838039174
        },
        "k10": {
          "mean": 0.03125,
          "std": 0.02209708691207961
        },
        "k6": {
          "mean": 0.04296875,
          "std": 0.026684767619686453
        },
        "last5_val_mean": {
          "mean": 0.04791666666666666,
          "std": 0.04683254250024268
        },
        "last_dense_mean": {
          "mean": 0.037109375,
          "std": 0.022439697838039174
        },
        "last_val": {
          "mean": 0.05208333333333333,
          "std": 0.03989279615651409
        }
      },
      "visit_taskgrad_half": {
        "best_to_last_drop": {
          "mean": 0.07291666666666666,
          "std": 0.020833333333333332
        },
        "best_val": {
          "mean": 0.125,
          "std": 0.04811252243246881
        },
        "count": 4,
        "dense_mean": {
          "mean": 0.033203125,
          "std": 0.014788823817188212
        },
        "k10": {
          "mean": 0.0390625,
          "std": 0.020171788261496962
        },
        "k6": {
          "mean": 0.02734375,
          "std": 0.014959798558692783
        },
        "last5_val_mean": {
          "mean": 0.04791666666666666,
          "std": 0.049241938614543984
        },
        "last_dense_mean": {
          "mean": 0.0,
          "std": 0.0
        },
        "last_val": {
          "mean": 0.05208333333333333,
          "std": 0.03989279615651409
        }
      },
      "visitonly": {
        "best_to_last_drop": {
          "mean": 0.09375,
          "std": 0.020833333333333336
        },
        "best_val": {
          "mean": 0.14583333333333331,
          "std": 0.041666666666666664
        },
        "count": 4,
        "dense_mean": {
          "mean": 0.037109375,
          "std": 0.022439697838039174
        },
        "k10": {
          "mean": 0.03125,
          "std": 0.02209708691207961
        },
        "k6": {
          "mean": 0.04296875,
          "std": 0.026684767619686453
        },
        "last5_val_mean": {
          "mean": 0.04791666666666666,
          "std": 0.04683254250024268
        },
        "last_dense_mean": {
          "mean": 0.0,
          "std": 0.0
        },
        "last_val": {
          "mean": 0.05208333333333333,
          "std": 0.03989279615651409
        }
      }
    },
    "t1_l": {
      "stageadaptive_late_half": {
        "best_to_last_drop": {
          "mean": 0.08333333333333334,
          "std": 0.04166666666666667
        },
        "best_val": {
          "mean": 0.1111111111111111,
          "std": 0.02405626121623441
        },
        "count": 3,
        "dense_mean": {
          "mean": 0.03819444444444445,
          "std": 0.01591172116304111
        },
        "k12": {
          "mean": 0.04513888888888889,
          "std": 0.03348489847566998
        },
        "k14": {
          "mean": 0.027777777777777776,
          "std": 0.012028130608117202
        },
        "k8": {
          "mean": 0.04166666666666667,
          "std": 0.03755782578608322
        },
        "last5_val_mean": {
          "mean": 0.04444444444444444,
          "std": 0.026787918780535984
        },
        "last_dense_mean": {
          "mean": 0.03819444444444445,
          "std": 0.01591172116304111
        },
        "last_val": {
          "mean": 0.027777777777777776,
          "std": 0.024056261216234404
        }
      },
      "visit_taskgrad_half": {
        "best_to_last_drop": {
          "mean": 0.08333333333333334,
          "std": 0.04166666666666667
        },
        "best_val": {
          "mean": 0.1111111111111111,
          "std": 0.02405626121623441
        },
        "count": 3,
        "dense_mean": {
          "mean": 0.03819444444444445,
          "std": 0.01591172116304111
        },
        "k12": {
          "mean": 0.04513888888888889,