{
  "core_summary": {
    "querygrad": {
      "count": 4,
      "best_val": {
        "mean": 0.6927083333333334,
        "std": 0.06669921080659216
      },
      "last_val": {
        "mean": 0.5677083333333334,
        "std": 0.046194912137673856
      },
      "k2": {
        "mean": 0.61328125,
        "std": 0.061350098903071595
      },
      "k6": {
        "mean": 0.51953125,
        "std": 0.06298638865858242
      },
      "k10": {
        "mean": 0.486328125,
        "std": 0.04002715142952968
      },
      "best_query_first_hop": {
        "mean": 0.6770833333333334,
        "std": 0.03608439182435161
      }
    },
    "querygradonly": {
      "count": 3,
      "best_val": {
        "mean": 0.701388888888889,
        "std": 0.012028130608117225
      },
      "last_val": {
        "mean": 0.6319444444444444,
        "std": 0.07316426217258848
      },
      "k2": {
        "mean": 0.5963541666666666,
        "std": 0.05083130545818525
      },
      "k6": {
        "mean": 0.484375,
        "std": 0.013531646934131853
      },
      "k10": {
        "mean": 0.4322916666666667,
        "std": 0.06735686018946647
      },
      "best_query_first_hop": {
        "mean": 0.6527777777777778,
        "std": 0.024056261216234387
      }
    },
    "visitonly": {
      "count": 3,
      "best_val": {
        "mean": 0.6944444444444444,
        "std": 0.08419691425682047
      },
      "last_val": {
        "mean": 0.6736111111111112,
        "std": 0.07887372702500377
      },
      "k2": {
        "mean": 0.6796875,
        "std": 0.034053897996411515
      },
      "k6": {
        "mean": 0.5963541666666666,
        "std": 0.011933790872280834
      },
      "k10": {
        "mean": 0.5182291666666666,
        "std": 0.047091513854232096
      },
      "best_query_first_hop": {
        "mean": 0.6666666666666666,
        "std": 0.09547032697824667
      }
    }
  },
  "core_runs": [
    {
      "arm": "querygrad",
      "seed": 1234,
      "run": "20260318-064017-v10-utility-querygrad-longplus-s1234",
      "best_val": 0.625,
      "last_val": 0.625,
      "k2": 0.6796875,
      "k6": 0.5546875,
      "k10": 0.4921875,
      "best_query_first_hop": 0.6458333333333334
    },
    {
      "arm": "querygrad",
      "seed": 2234,
      "run": "20260318-065327-v10-utility-querygrad-longplus-s2234",
      "best_val": 0.6458333333333334,
      "last_val": 0.5208333333333334,
      "k2": 0.546875,
      "k6": 0.4453125,
      "k10": 0.5,
      "best_query_first_hop": 0.7083333333333334
    },
    {
      "arm": "querygrad",
      "seed": 3234,
      "run": "20260318-071110-v10-utility-querygrad-longplus-s3234",
      "best_val": 0.75,
      "last_val": 0.5833333333333334,
      "k2": 0.6484375,
      "k6": 0.5859375,
      "k10": 0.5234375,
      "best_query_first_hop": 0.6458333333333334
    },
    {
      "arm": "querygrad",
      "seed": 4234,
      "run": "20260318-071745-v10-utility-querygrad-longplus-s4234",
      "best_val": 0.75,
      "last_val": 0.5416666666666666,
      "k2": 0.578125,
      "k6": 0.4921875,
      "k10": 0.4296875,
      "best_query_first_hop": 0.7083333333333334
    },
    {
      "arm": "visitonly",
      "seed": 1234,
      "run": "20260318-135815-v17-utility-visitonly-longplus-s1234",
      "best_val": 0.6041666666666666,
      "last_val": 0.5833333333333334,
      "k2": 0.640625,
      "k6": 0.5859375,
      "k10": 0.5234375,
      "best_query_first_hop": 0.5625
    },
    {
      "arm": "visitonly",
      "seed": 2234,
      "run": "20260318-140451-v17-utility-visitonly-longplus-s2234",
      "best_val": 0.7708333333333334,
      "last_val": 0.7291666666666666,
      "k2": 0.6953125,
      "k6": 0.609375,
      "k10": 0.46875,
      "best_query_first_hop": 0.6875
    },
    {
      "arm": "visitonly",
      "seed": 3234,
      "run": "20260318-141127-v17-utility-visitonly-longplus-s3234",
      "best_val": 0.7083333333333334,
      "last_val": 0.7083333333333334,
      "k2": 0.703125,
      "k6": 0.59375,
      "k10": 0.5625,
      "best_query_first_hop": 0.75
    },
    {
      "arm": "querygradonly",
      "seed": 1234,
      "run": "20260318-141802-v17-utility-querygradonly-longplus-s1234",
      "best_val": 0.7083333333333334,
      "last_val": 0.7083333333333334,
      "k2": 0.6484375,
      "k6": 0.4921875,
      "k10": 0.4453125,
      "best_query_first_hop": 0.625
    },
    {
      "arm": "querygradonly",
      "seed": 2234,
      "run": "20260318-142438-v17-utility-querygradonly-longplus-s2234",
      "best_val": 0.7083333333333334,
      "last_val": 0.625,
      "k2": 0.546875,
      "k6": 0.46875,
      "k10": 0.4921875,
      "best_query_first_hop": 0.6666666666666666
    },
    {
      "arm": "querygradonly",
      "seed": 3234,
      "run": "20260318-143116-v17-utility-querygradonly-longplus-s3234",
      "best_val": 0.6875,
      "last_val": 0.5625,
      "k2": 0.59375,
      "k6": 0.4921875,
      "k10": 0.359375,
      "best_query_first_hop": 0.6666666666666666
    }
  ],
  "transfer_summary": {
    "querygrad_h1": {
      "count": 3,
      "best_val": {
        "mean": 0.5902777777777778,
        "std": 0.13555014788849398
      },
      "last_val": {
        "mean": 0.5416666666666666,
        "std": 0.16271353491472196
      },
      "k4": {
        "mean": 0.5182291666666666,
        "std": 0.13219833485934432
      },
      "k8": {
        "mean": 0.4427083333333333,
        "std": 0.1016626109163705
      },
      "k12": {
        "mean": 0.4270833333333333,
        "std": 0.03522851369392886
      },
      "k14": {
        "mean": 0.4140625,
        "std": 0.09375
      }
    }
  },
  "transfer_runs": [
    {
      "arm": "querygrad_h1",
      "seed": 1234,
      "run": "20260318-075401-v10-transfer-h1-utility-querygrad-longplus-s1234",
      "best_val": 0.5833333333333334,
      "last_val": 0.4375,
      "k4": 0.40625,
      "k8": 0.34375,
      "k12": 0.4609375,
      "k14": 0.3203125
    },
    {
      "arm": "querygrad_h1",
      "seed": 2234,
      "run": "20260318-080752-v10-transfer-h1-utility-querygrad-longplus-s2234",
      "best_val": 0.7291666666666666,
      "last_val": 0.7291666666666666,
      "k4": 0.6640625,
      "k8": 0.546875,
      "k12": 0.390625,
      "k14": 0.5078125
    },
    {
      "arm": "querygrad_h1",
      "seed": 3234,
      "run": "20260318-111409-v10-transfer-h1-utility-querygrad-longplus-s3234",
      "best_val": 0.4583333333333333,
      "last_val": 0.4583333333333333,
      "k4": 0.484375,
      "k8": 0.4375,
      "k12": 0.4296875,
      "k14": 0.4140625
    }
  ]
}