{
  "phase_summaries": {
    "t2b_xl": {
      "visit_taskgrad_half": {
        "count": 2,
        "best_val": {
          "mean": 0.10416666666666666,
          "std": 0.029462782549439483
        },
        "last_val": {
          "mean": 0.0,
          "std": 0.0
        },
        "dense_mean": {
          "mean": 0.029513888888888888,
          "std": 0.002455231879119955
        },
        "last_dense_mean": {
          "mean": 0.029513888888888888,
          "std": 0.002455231879119955
        },
        "score": {
          "mean": 0.029513888888888888,
          "std": 0.002455231879119955
        },
        "k8": {
          "mean": 0.015625,
          "std": 0.00736569563735987
        },
        "k12": {
          "mean": 0.005208333333333333,
          "std": 0.00736569563735987
        },
        "k14": {
          "mean": 0.06770833333333334,
          "std": 0.0073656956373598734
        }
      },
      "stageadaptive_late_half": {
        "count": 2,
        "best_val": {
          "mean": 0.10416666666666666,
          "std": 0.029462782549439483
        },
        "last_val": {
          "mean": 0.0,
          "std": 0.0
        },
        "dense_mean": {
          "mean": 0.034722222222222224,
          "std": 0.009820927516479828
        },
        "last_dense_mean": {
          "mean": 0.034722222222222224,
          "std": 0.009820927516479828
        },
        "score": {
          "mean": 0.034722222222222224,
          "std": 0.009820927516479828
        },
        "k8": {
          "mean": 0.015625,
          "std": 0.00736569563735987
        },
        "k12": {
          "mean": 0.015625,
          "std": 0.02209708691207961
        },
        "k14": {
          "mean": 0.07291666666666667,
          "std": 0.0
        }
      }
    },
    "t2c_xl": {
      "visit_taskgrad_half": {
        "count": 2,
        "best_val": {
          "mean": 0.16666666666666669,
          "std": 0.05892556509887897
        },
        "last_val": {
          "mean": 0.041666666666666664,
          "std": 0.0
        },
        "dense_mean": {
          "mean": 0.03993055555555555,
          "std": 0.007365695637359868
        },
        "last_dense_mean": {
          "mean": 0.03993055555555555,
          "std": 0.007365695637359868
        },
        "score": {
          "mean": 0.08159722222222222,
          "std": 0.007365695637359864
        },
        "k10": {
          "mean": 0.04166666666666667,
          "std": 0.014731391274719742
        },
        "k14": {
          "mean": 0.04166666666666667,
          "std": 0.014731391274719742
        },
        "k16": {
          "mean": 0.03645833333333333,
          "std": 0.007365695637359868
        }
      },
      "stageadaptive_late_half": {
        "count": 2,
        "best_val": {
          "mean": 0.16666666666666669,
          "std": 0.05892556509887897
        },
        "last_val": {
          "mean": 0.0625,
          "std": 0.02946278254943948
        },
        "dense_mean": {
          "mean": 0.04861111111111111,
          "std": 0.004910463758239916
        },
        "last_dense_mean": {
          "mean": 0.04861111111111111,
          "std": 0.004910463758239916
        },
        "score": {
          "mean": 0.1111111111111111,
          "std": 0.024552318791199557
        },
        "k10": {
          "mean": 0.03645833333333333,
          "std": 0.007365695637359868
        },
        "k14": {
          "mean": 0.0625,
          "std": 0.0
        },
        "k16": {
          "mean": 0.046875,
          "std": 0.0073656956373598734
        }
      }
    }
  },
  "records": [
    {
      "phase": "t2b_xl",
      "selector": "visit_taskgrad_half",
      "selector_label": "VT-0.5",
      "seed": 150234,
      "run": "20260320-162959-v50-t2b-visit_taskgrad_half-32-xl-s150234",
      "best_val": 0.08333333333333333,
      "last_val": 0.0,
      "last5_val_mean": 0.008333333333333333,
      "best_to_last_drop": 0.08333333333333333,
      "k4": 0.07291666666666667,
      "last_k4": 0.07291666666666667,
      "k8": 0.020833333333333332,
      "last_k8": 0.020833333333333332,
      "k12": 0.010416666666666666,
      "last_k12": 0.010416666666666666,
      "k14": 0.0625,
      "last_k14": 0.0625,
      "dense_mean": 0.03125,
      "last_dense_mean": 0.03125,
      "score": 0.03125
    },
    {
      "phase": "t2b_xl",
      "selector": "visit_taskgrad_half",
      "selector_label": "VT-0.5",
      "seed": 151234,
      "run": "20260320-162959-v50-t2b-visit_taskgrad_half-32-xl-s151234",
      "best_val": 0.125,
      "last_val": 0.0,
      "last5_val_mean": 0.008333333333333333,
      "best_to_last_drop": 0.125,
      "k4": 0.020833333333333332,
      "last_k4": 0.020833333333333332,
      "k8": 0.010416666666666666,
      "last_k8": 0.010416666666666666,
      "k12": 0.0,
      "last_k12": 0.0,
      "k14": 0.07291666666666667,
      "last_k14": 0.07291666666666667,
      "dense_mean": 0.02777777777777778,
      "last_dense_mean": 0.02777777777777778,
      "score": 0.02777777777777778
    },
    {
      "phase": "t2b_xl",
      "selector": "stageadaptive_late_half",
      "selector_label": "StageLate-0.5",
      "seed": 150234,
      "run": "20260320-163431-v50-t2b-stageadaptive_late_half-32-xl-s150234",
      "best_val": 0.08333333333333333,
      "last_val": 0.0,
      "last5_val_mean": 0.016666666666666666,
      "best_to_last_drop": 0.08333333333333333,
      "k4": 0.03125,
      "last_k4": 0.03125,
      "k8": 0.020833333333333332,
      "last_k8": 0.020833333333333332,
      "k12": 0.03125,
      "last_k12": 0.03125,
      "k14": 0.07291666666666667,
      "last_k14": 0.07291666666666667,
      "dense_mean": 0.04166666666666667,
      "last_dense_mean": 0.04166666666666667,
      "score": 0.04166666666666667
    },
    {
      "phase": "t2b_xl",
      "selector": "stageadaptive_late_half",
      "selector_label": "StageLate-0.5",
      "seed": 151234,
      "run": "20260320-163433-v50-t2b-stageadaptive_late_half-32-xl-s151234",
      "best_val": 0.125,
      "last_val": 0.0,
      "last5_val_mean": 0.008333333333333333,
      "best_to_last_drop": 0.125,
      "k4": 0.020833333333333332,
      "last_k4": 0.020833333333333332,
      "k8": 0.010416666666666666,
      "last_k8": 0.010416666666666666,
      "k12": 0.0,
      "last_k12": 0.0,
      "k14": 0.07291666666666667,
      "last_k14": 0.07291666666666667,
      "dense_mean": 0.02777777777777778,
      "last_dense_mean": 0.02777777777777778,
      "score": 0.02777777777777778
    },
    {
      "phase": "t2c_xl",
      "selector": "visit_taskgrad_half",
      "selector_label": "VT-0.5",
      "seed": 150234,
      "run": "20260320-163901-v50-t2c-visit_taskgrad_half-32-xl-s150234",
      "best_val": 0.20833333333333334,
      "last_val": 0.041666666666666664,
      "last5_val_mean": 0.05833333333333333,
      "best_to_last_drop": 0.16666666666666669,
      "k6": 0.020833333333333332,
      "last_k6": 0.020833333333333332,
      "k10": 0.03125,
      "last_k10": 0.03125,
      "k14": 0.03125,
      "last_k14": 0.03125,
      "k16": 0.041666666666666664,
      "last_k16": 0.041666666666666664,
      "dense_mean": 0.034722222222222224,
      "last_dense_mean": 0.034722222222222224,
      "score": 0.0763888888888889
    },
    {
      "phase": "t2c_xl",
      "selector": "visit_taskgrad_half",
      "selector_label": "VT-0.5",
      "seed": 151234,
      "run": "20260320-163903-v50-t2c-visit_taskgrad_half-32-xl-s151234",
      "best_val": 0.125,
      "last_val": 0.041666666666666664,
      "last5_val_mean": 0.049999999999999996,
      "best_to_last_drop": 0.08333333333333334,
      "k6": 0.052083333333333336,
      "last_k6": 0.052083333333333336,
      "k10": 0.052083333333333336,
      "last_k10": 0.052083333333333336,
      "k14": 0.052083333333333336,
      "last_k14": 0.052083333333333336,
      "k16": 0.03125,
      "last_k16": 0.03125,
      "dense_mean": 0.04513888888888889,