{
  "core": {
    "v10_querygrad": {
      "best": {
        "mean": 0.6927083333333334,
        "std": 0.06669921080659216,
        "seeds": 4
      },
      "last": {
        "mean": 0.5677083333333334,
        "std": 0.046194912137673856,
        "seeds": 4
      },
      "k2": {
        "mean": 0.61328125,
        "std": 0.061350098903071595,
        "seeds": 4
      },
      "k6": {
        "mean": 0.51953125,
        "std": 0.06298638865858242,
        "seeds": 4
      },
      "k10": {
        "mean": 0.486328125,
        "std": 0.04002715142952968,
        "seeds": 4
      }
    },
    "v10_querygrad_mutate": {
      "best": {
        "mean": 0.6875,
        "std": 0.08505172717997143,
        "seeds": 4
      },
      "last": {
        "mean": 0.5989583333333333,
        "std": 0.0598391942347711,
        "seeds": 4
      },
      "k2": {
        "mean": 0.646484375,
        "std": 0.05235929495542474,
        "seeds": 4
      },
      "k6": {
        "mean": 0.51953125,
        "std": 0.03522851369392886,
        "seeds": 4
      },
      "k10": {
        "mean": 0.517578125,
        "std": 0.02581279635624871,
        "seeds": 4
      }
    },
    "v11_conditional_mutation": {
      "best": {
        "mean": 0.6666666666666667,
        "std": 0.044194173824159244,
        "seeds": 4
      },
      "last": {
        "mean": 0.5625,
        "std": 0.10622957319984969,
        "seeds": 4
      },
      "k2": {
        "mean": 0.619140625,
        "std": 0.09033071156130608,
        "seeds": 4
      },
      "k6": {
        "mean": 0.533203125,
        "std": 0.05013866270700561,
        "seeds": 4
      },
      "k10": {
        "mean": 0.494140625,
        "std": 0.01779381558426621,
        "seeds": 4
      }
    },
    "v12_adaptive_mutation": {
      "best": {
        "mean": 0.666667,
        "std": 0.03294,
        "seeds": 4
      },
      "last": {
        "mean": 0.588542,
        "std": 0.064843,
        "seeds": 4
      },
      "k2": {
        "mean": 0.628906,
        "std": 0.04189,
        "seeds": 4
      },
      "k6": {
        "mean": 0.519531,
        "std": 0.033375,
        "seeds": 4
      },
      "k10": {
        "mean": 0.509766,
        "std": 0.038422,
        "seeds": 4
      }
    },
    "v13_high_confidence_mutation": {
      "best": {
        "mean": 0.6822916666666666,
        "std": 0.046194912137673856,
        "per_seed": [
          0.625,
          0.6666666666666666,
          0.7291666666666666,
          0.7083333333333334
        ],
        "seeds": 4
      },
      "last": {
        "mean": 0.5833333333333334,
        "std": 0.12266334536566455,
        "per_seed": [
          0.625,
          0.4166666666666667,
          0.7083333333333334,
          0.5833333333333334
        ],
        "seeds": 4
      },
      "k2": {
        "mean": 0.625,
        "std": 0.09652996350443041,
        "per_seed": [
          0.6875,
          0.5078125,
          0.71875,
          0.5859375
        ],
        "seeds": 4
      },
      "k6": {
        "mean": 0.5234375,
        "std": 0.05063078670631141,
        "per_seed": [
          0.5546875,
          0.484375,
          0.578125,
          0.4765625
        ],
        "seeds": 4
      },
      "k10": {
        "mean": 0.513671875,
        "std": 0.01171875,
        "per_seed": [
          0.5234375,
          0.5078125,
          0.5234375,
          0.5
        ],
        "seeds": 4
      }
    }
  },
  "transfer_h1": {
    "v10_querygrad": {
      "best": {
        "mean": 0.65625,
        "std": 0.10311973892303813,
        "seeds": 2
      },
      "k4": {
        "mean": 0.53515625,
        "std": 0.18230096702465678,
        "seeds": 2
      },
      "k8": {
        "mean": 0.4453125,
        "std": 0.14363106492851746,
        "seeds": 2
      },
      "k12": {
        "mean": 0.42578125,
        "std": 0.04971844555217912,
        "seeds": 2
      },
      "k14": {
        "mean": 0.4140625,
        "std": 0.13258252147247765,
        "seeds": 2
      }
    },
    "v10_querygrad_mutate": {
      "best": {
        "mean": 0.5520833333333333,
        "std": 0.014731391274719766,
        "seeds": 2
      },
      "k4": {
        "mean": 0.42578125,
        "std": 0.03866990209613932,
        "seeds": 2
      },
      "k8": {
        "mean": 0.39453125,
        "std": 0.08286407592029854,
        "seeds": 2
      },
      "k12": {
        "mean": 0.38671875,
        "std": 0.005524271728019903,
        "seeds": 2
      },
      "k14": {
        "mean": 0.40234375,
        "std": 0.027621358640099514,
        "seeds": 2
      }
    },
    "v11_conditional_mutation": {
      "best": {
        "mean": 0.5833333333333334,
        "std": 0.10416666666666666,
        "seeds": 2
      },
      "k4": {
        "mean": 0.54296875,
        "std": 0.10546875,
        "seeds": 2
      },
      "k8": {
        "mean": 0.42578125,
        "std": 0.06640625,
        "seeds": 2
      },
      "k12": {
        "mean": 0.41796875,
        "std": 0.00390625,
        "seeds": 2
      },
      "k14": {
        "mean": 0.40625,
        "std": 0.0625,
        "seeds": 2
      }
    },
    "v12_adaptive_mutation": {
      "best": {
        "mean": 0.583333,
        "std": 0.0625,
        "seeds": 2
      },
      "k4": {
        "mean": 0.503906,
        "std": 0.074219,
        "seeds": 2
      },
      "k8": {
        "mean": 0.433594,
        "std": 0.097656,
        "seeds": 2
      },
      "k12": {
        "mean": 0.394531,
        "std": 0.003906,
        "seeds": 2
      },
      "k14": {
        "mean": 0.378906,
        "std": 0.042969,
        "seeds": 2
      }
    },
    "v13_high_confidence_mutation": {
      "best": {
        "mean": 0.6041666666666666,
        "std": 0.17677669529663684,
        "per_seed": [
          0.4791666666666667,
          0.7291666666666666
        ],
        "seeds": 2
      },
      "last": {
        "mean": 0.5625,
        "std": 0.23570226039551584,
        "per_seed": [
          0.3958333333333333,
          0.7291666666666666
        ],
        "seeds": 2
      },
      "k4": {
        "mean": 0.53125,
        "std": 0.15467960838455727,
        "per_seed": [
          0.421875,
          0.640625
        ],
        "seeds": 2
      },
      "k8": {
        "mean": 0.46484375,
        "std": 0.08286407592029854,
        "per_seed": [
          0.40625,
          0.5234375
        ],
        "seeds": 2
      },
      "k12": {
        "mean": 0.42578125,
        "std": 0.016572815184059706,
        "per_seed": [
          0.4375,
          0.4140625
        ],
        "seeds": 2
      },
      "k14": {
        "mean": 0.37109375,
        "std": 0.060766989008218926,
        "per_seed": [
          0.328125,
          0.4140625
        ],
        "seeds": 2
      }
    }
  },
  "transfer_h1_matched3": {
    "v10_querygrad": {
      "best": {
        "mean": 0.5902777777777778,
        "std": 0.13555014788849398,
        "per_seed": [
          0.5833333333333334,
          0.7291666666666666,
          0.4583333333333333
        ],
        "seeds": 3
      },
      "last": {
        "mean": 0.5416666666666666,
        "std": 0.16271353491472196,
        "per_seed": [
          0.4375,
          0.7291666666666666,
          0.4583333333333333
        ],
        "seeds": 3
      },
      "k4": {
        "mean": 0.5182291666666666,
        "std": 0.13219833485934432,
        "per_seed": [
          0.40625,
          0.6640625,
          0.484375
        ],
        "seeds": 3
      },
      "k8": {
        "mean": 0.4427083333333333,
        "std": 0.1016626109163705,
        "per_seed": [
          0.34375,
          0.546875,
          0.4375
        ],
        "seeds": 3
      },
      "k12": {
        "mean": 0.4270833333333333,
        "std": 0.03522851369392886,
        "per_seed": [
          0.4609375,
          0.390625,
          0.4296875
        ],
        "seeds": 3
      },
      "k14": {
        "mean": 0.4140625,