{
  "phase_summary": {
    "visit_taskgrad_half": {
      "count": 2,
      "best_val": {
        "mean": 0.125,
        "std": 0.05892556509887896
      },
      "last_val": {
        "mean": 0.041666666666666664,
        "std": 0.05892556509887896
      },
      "dense_mean": {
        "mean": 0.034722222222222224,
        "std": 0.009820927516479826
      },
      "last_dense_mean": {
        "mean": 0.034722222222222224,
        "std": 0.009820927516479826
      },
      "score": {
        "mean": 0.0763888888888889,
        "std": 0.06874649261535878
      },
      "k10": {
        "mean": 0.03125,
        "std": 0.0
      },
      "k14": {
        "mean": 0.041666666666666664,
        "std": 0.0
      },
      "k16": {
        "mean": 0.03125,
        "std": 0.029462782549439483
      }
    },
    "stageadaptive_late_half": {
      "count": 2,
      "best_val": {
        "mean": 0.125,
        "std": 0.05892556509887896
      },
      "last_val": {
        "mean": 0.08333333333333333,
        "std": 0.05892556509887896
      },
      "dense_mean": {
        "mean": 0.024305555555555552,
        "std": 0.004910463758239913
      },
      "last_dense_mean": {
        "mean": 0.024305555555555552,
        "std": 0.004910463758239913
      },
      "score": {
        "mean": 0.1076388888888889,
        "std": 0.06383602885711888
      },
      "k10": {
        "mean": 0.026041666666666664,
        "std": 0.007365695637359871
      },
      "k14": {
        "mean": 0.03125,
        "std": 0.01473139127471974
      },
      "k16": {
        "mean": 0.015625,
        "std": 0.02209708691207961
      }
    }
  },
  "pooled_phase_summary": {
    "visit_taskgrad_half": {
      "count": 8,
      "best_val": {
        "mean": 0.13020833333333334,
        "std": 0.041292967040213124
      },
      "last_val": {
        "mean": 0.05208333333333333,
        "std": 0.04312909745889714
      },
      "dense_mean": {
        "mean": 0.036458333333333336,
        "std": 0.010661798244149145
      },
      "last_dense_mean": {
        "mean": 0.036458333333333336,
        "std": 0.010661798244149145
      },
      "score": {
        "mean": 0.08854166666666667,
        "std": 0.04757252191412435
      },
      "k10": {
        "mean": 0.0390625,
        "std": 0.014465939058946118
      },
      "k14": {
        "mean": 0.03515625,
        "std": 0.013567397714888742
      },
      "k16": {
        "mean": 0.03515625,
        "std": 0.014665478678889156
      }
    },
    "stageadaptive_late_half": {
      "count": 8,
      "best_val": {
        "mean": 0.13541666666666666,
        "std": 0.03693355251782993
      },
      "last_val": {
        "mean": 0.057291666666666664,
        "std": 0.03817189088803768
      },
      "dense_mean": {
        "mean": 0.035590277777777776,
        "std": 0.01282508281135704
      },
      "last_dense_mean": {
        "mean": 0.035590277777777776,
        "std": 0.01282508281135704
      },
      "score": {
        "mean": 0.09288194444444445,
        "std": 0.03607245718145056
      },
      "k10": {
        "mean": 0.036458333333333336,
        "std": 0.012450298013899935
      },
      "k14": {
        "mean": 0.037760416666666664,
        "std": 0.019237624217035558
      },
      "k16": {
        "mean": 0.032552083333333336,
        "std": 0.01798841875556039
      }
    }
  },
  "records": [
    {
      "selector": "visit_taskgrad_half",
      "selector_label": "VT-0.5",
      "seed": 172234,
      "run": "20260320-185554-v53-t2c-visit_taskgrad_half-32-xl-s172234",
      "best_val": 0.08333333333333333,
      "last_val": 0.0,
      "last5_val_mean": 0.041666666666666664,
      "best_to_last_drop": 0.08333333333333333,
      "k6": 0.0625,
      "last_k6": 0.0625,
      "k10": 0.03125,
      "last_k10": 0.03125,
      "k14": 0.041666666666666664,
      "last_k14": 0.041666666666666664,
      "k16": 0.010416666666666666,
      "last_k16": 0.010416666666666666,
      "dense_mean": 0.027777777777777776,
      "last_dense_mean": 0.027777777777777776,
      "score": 0.027777777777777776
    },
    {
      "selector": "visit_taskgrad_half",
      "selector_label": "VT-0.5",
      "seed": 173234,
      "run": "20260320-185554-v53-t2c-visit_taskgrad_half-32-xl-s173234",
      "best_val": 0.16666666666666666,
      "last_val": 0.08333333333333333,
      "last5_val_mean": 0.09999999999999999,
      "best_to_last_drop": 0.08333333333333333,
      "k6": 0.0625,
      "last_k6": 0.0625,
      "k10": 0.03125,
      "last_k10": 0.03125,
      "k14": 0.041666666666666664,
      "last_k14": 0.041666666666666664,
      "k16": 0.052083333333333336,
      "last_k16": 0.052083333333333336,
      "dense_mean": 0.041666666666666664,
      "last_dense_mean": 0.041666666666666664,
      "score": 0.125
    },
    {
      "selector": "stageadaptive_late_half",
      "selector_label": "StageLate-0.5",
      "seed": 172234,
      "run": "20260320-190042-v53-t2c-stageadaptive_late_half-32-xl-s172234",
      "best_val": 0.08333333333333333,
      "last_val": 0.041666666666666664,
      "last5_val_mean": 0.05833333333333333,
      "best_to_last_drop": 0.041666666666666664,
      "k6": 0.052083333333333336,
      "last_k6": 0.052083333333333336,
      "k10": 0.020833333333333332,
      "last_k10": 0.020833333333333332,
      "k14": 0.041666666666666664,
      "last_k14": 0.041666666666666664,
      "k16": 0.0,
      "last_k16": 0.0,
      "dense_mean": 0.020833333333333332,
      "last_dense_mean": 0.020833333333333332,
      "score": 0.0625
    },
    {
      "selector": "stageadaptive_late_half",
      "selector_label": "StageLate-0.5",
      "seed": 173234,
      "run": "20260320-190041-v53-t2c-stageadaptive_late_half-32-xl-s173234",
      "best_val": 0.16666666666666666,
      "last_val": 0.125,
      "last5_val_mean": 0.11666666666666667,
      "best_to_last_drop": 0.04166666666666666,
      "k6": 0.052083333333333336,
      "last_k6": 0.052083333333333336,
      "k10": 0.03125,
      "last_k10": 0.03125,
      "k14": 0.020833333333333332,
      "last_k14": 0.020833333333333332,
      "k16": 0.03125,
      "last_k16": 0.03125,
      "dense_mean": 0.027777777777777776,
      "last_dense_mean": 0.027777777777777776,
      "score": 0.1527777777777778
    }
  ],
  "pooled_records": [
    {
      "selector": "visit_taskgrad_half",
      "selector_label": "VT-0.5",
      "seed": 150234,
      "run": "20260320-163901-v50-t2c-visit_taskgrad_half-32-xl-s150234",
      "best_val": 0.20833333333333334,
      "last_val": 0.041666666666666664,
      "last5_val_mean": 0.05833333333333333,
      "best_to_last_drop": 0.16666666666666669,
      "k6": 0.020833333333333332,
      "last_k6": 0.020833333333333332,
      "k10": 0.03125,
      "last_k10": 0.03125,
      "k14": 0.03125,
      "last_k14": 0.03125,
      "k16": 0.041666666666666664,
      "last_k16": 0.041666666666666664,
      "dense_mean": 0.034722222222222224,
      "last_dense_mean": 0.034722222222222224,
      "score": 0.0763888888888889
    },
    {
      "selector": "visit_taskgrad_half",
      "selector_label": "VT-0.5",
      "seed": 151234,
      "run": "20260320-163903-v50-t2c-visit_taskgrad_half-32-xl-s151234",
      "best_val": 0.125,
      "last_val": 0.041666666666666664,
      "last5_val_mean": 0.049999999999999996,
      "best_to_last_drop": 0.08333333333333334,
      "k6": 0.052083333333333336,
      "last_k6": 0.052083333333333336,
      "k10": 0.052083333333333336,
      "last_k10": 0.052083333333333336,
      "k14": 0.052083333333333336,
      "last_k14": 0.052083333333333336,
      "k16": 0.03125,
      "last_k16": 0.03125,
      "dense_mean": 0.04513888888888889,
      "last_dense_mean": 0.04513888888888889,
      "score": 0.08680555555555555
    },
    {
      "selector": "visit_taskgrad_half",
      "selector_label": "VT-0.5",
      "seed": 160234,
      "run": "20260320-174350-v51-t2c-visit_taskgrad_half-32-xl-s160234",
      "best_val": 0.125,
      "last_val": 0.0,